{"cameraMode":{"drawMode":0,"name":"Shaded","section":"Shading Mode"},"sceneLighting":true,"audioPlay":false,"sceneViewState":{"m_AlwaysRefresh":false,"showFog":true,"showSkybox":true,"showFlares":true,"showImageEffects":true,"showParticleSystems":true,"showVisualEffectGraphs":true,"m_FxEnabled":true},"in2DMode":false,"pivot":{"x":-0.45804500579833987,"y":2.444488763809204,"z":-16.986923217773439},"rotation":{"x":0.09158182144165039,"y":-0.046293001621961597,"z":0.004259540233761072,"w":0.9947190284729004},"size":3.2025911808013918,"orthographic":false}